Chromosome	Start	End	#mCpN	#Diff.CpN	Mean_Difference	control	case	p(DMR)	q(DMR, BY)	Inside_Genes	Between_Genes	Gene_Promoter_Cutoff_10000_Nucleotides
00	30080041	30080063	8	8	-35.7	[57.8,55.3,45.1]	[19.2,13.3,20.2]	0.00129025	0.0328508	n/a	1-10799,12978-protein_coding"	n/a
2	20359604	20359616	6	4	-33.4	[80.6,67.3,61.5]	[30.9,32.2,49.5]	0.00763325	0.0335189	n/a	13-9692,9266-protein_coding"	13
4	4272010	4272021	5	4	-31.1	[66.0,66.7,78.6]	[41.8,34.4,39.6]	0.00431888	0.0335189	n/a	pgsc-3671,17118-protein_coding"	pgsc
6	45624626	45624638	6	5	-36.8	[64.9,79.0,83.6]	[37.0,35.7,44.0]	0.0054857	0.0335189	n/a	1-12,2491-protein_coding"	protein_coding"
7	47893516	47893529	8	5	-30.3	[56.8,57.9,60.5]	[29.9,11.9,39.3]	0.0410377	0.116094	n/a	pgsc-4147,1087-protein_coding"	protein_coding"
7	53570012	53570030	6	4	-31.9	[73.1,68.0,51.5]	[35.0,39.2,29.9]	0.012975	0.0412941	n/a	pgsc-2850,16555-protein_coding"	n/a
8	26893936	26893945	6	4	-33.0	[81.8,63.3,71.4]	[45.3,29.8,35.7]	0.00569212	0.0335189	n/a	1-62798,4800-Ensembl_Plants	Ensembl_Plants
9	1454993	1455002	5	5	-38.2	[60.0,73.0,79.7]	[30.8,23.9,50.0]	0.00789897	0.0335189	n/a	7-10325,9592-protein_coding"	protein_coding"
12	4525330	4525350	6	5	-31.4	[65.2,70.3,72.5]	[35.5,29.4,47.7]	0.010869	0.0395331	n/a	2-14038,4391-protein_coding"	n/a
